C_DATE,14400,2305,1542,9876,61926,101462
6/11/2013,79,5,0,33680,511,155
6/12/2013,11967,0,0,118220,1307,286
6/13/2013,23840,0,0,198556,3146,372
6/14/2013,24715,0,0,257394,3359,411
6/15/2013,25332,0,0,302534,3451,419
6/16/2013,25445,0,0,344996,3517,437
6/17/2013,25786,11,0,404148,4627,530
6/18/2013,26284,609,0,488774,6687,588
6/19/2013,26626,0,0,562134,7061,664
6/20/2013,52207,0,0,645108,7471,833
6/21/2013,52518,0,0,695030,7712,931
6/22/2013,52576,0,0,732510,7921,956
6/23/2013,52645,0,0,769892,8018,989
6/24/2013,53070,610,0,828906,8389,1117
6/25/2013,53217,63438,0,889874,8938,1269
6/26/2013,53278,75146,0,952718,9300,1406
6/27/2013,53760,75970,0,1017744,10050,1629
6/28/2013,53976,76789,0,1067432,10193,1679
6/29/2013,54031,77173,0,1105318,10259,1689
6/30/2013,54668,77878,0,1144706,10346,1714
7/1/2013,55730,78420,0,1197042,10517,1787
7/2/2013,57207,79065,0,1252912,10695,1867
7/3/2013,57293,79935,0,1306462,10795,1909
7/4/2013,57681,80471,0,1348710,10838,1920
7/5/2013,57716,80992,0,1378034,11005,1933
7/6/2013,57742,81588,0,1411090,11022,1934
7/7/2013,57793,82160,0,1447318,11056,1941
7/8/2013,57816,82889,0,1497896,11351,2026
7/9/2013,58130,83654,0,1558486,11637,2103
7/10/2013,58561,84454,0,1620308,13195,3362
7/11/2013,81574,85417,0,1699566,13406,3424
7/12/2013,83322,86204,0,1757954,13614,3492
7/13/2013,83592,86757,0,1797426,13678,3515
7/14/2013,83624,87663,0,1835074,13752,3526
7/15/2013,83745,88929,0,1889372,13965,3606
7/16/2013,87660,90320,0,1954280,14205,3680
7/17/2013,88456,91516,0,2014100,14648,3881
7/18/2013,89955,92727,0,2038548,14911,3966
7/19/2013,90861,93717,0,2135050,15116,4010
7/20/2013,91236,94277,0,2176976,15154,4012
7/21/2013,91266,95457,0,2213206,15206,4022
7/22/2013,91595,96965,0,2273516,15616,4177
7/23/2013,114814,98312,0,2385802,16549,4560
7/24/2013,134126,99838,0,2492428,16924,4692
7/25/2013,153274,100972,0,2596092,21671,10895
7/26/2013,165893,102306,0,2675936,28581,15658
7/27/2013,182473,102992,0,2744084,28611,15661
7/28/2013,212193,104065,0,2821220,28652,15671
7/29/2013,241246,104909,0,2911012,28878,15712
7/30/2013,275025,106123,0,3008236,29064,15754
7/31/2013,309245,107281,0,3108272,29343,15854
8/1/2013,341221,107992,0,3199780,30512,15979
8/2/2013,363495,108782,0,3275348,30662,16032
8/3/2013,373880,108984,0,3318258,31181,16187
8/4/2013,388544,109487,0,3371488,31737,16196
8/5/2013,404250,109798,0,3430434,33058,17243
8/6/2013,420289,110129,0,3493216,42092,17341
8/7/2013,434368,110458,0,3554028,43340,17441
8/8/2013,446803,111208,0,3600150,44662,17571
8/9/2013,453086,111371,0,3635726,44838,17640
8/10/2013,459308,111518,0,3692178,45014,17657
8/11/2013,467639,111651,0,3730922,45087,17670
8/12/2013,476906,112001,0,3778114,45303,17765
8/13/2013,486731,112552,0,3832390,45788,17892
8/14/2013,497347,112871,0,3888028,47473,18043
8/15/2013,506955,113303,0,3944018,49306,18206
8/16/2013,515842,113760,0,3991668,50324,18338
8/17/2013,523900,114106,0,4026672,50576,18372
8/18/2013,534813,114554,0,4062364,50801,18416
8/19/2013,548804,115072,0,4119360,51518,18543
8/20/2013,567824,116005,0,4196392,52425,18683
8/21/2013,591950,116847,0,4289532,53476,18808
8/22/2013,618115,117992,0,4392662,54776,18964
8/23/2013,640413,119223,0,4482298,55654,19085
8/24/2013,662376,120167,0,4556720,55895,19111
8/25/2013,698709,121889,0,4647780,56202,19152
8/26/2013,746686,123884,0,4787986,57789,19282
8/27/2013,806576,127089,0,4976428,60563,19378
8/28/2013,872346,131353,0,5185848,61431,19473
8/29/2013,934353,135235,0,5402404,62635,19699
8/30/2013,983279,139414,0,5577692,63885,19865
8/31/2013,1023836,142627,0,5711938,65519,19875
9/1/2013,1082354,146720,0,5850128,65657,19885
9/2/2013,1152159,152436,0,6034732,66056,19910
9/3/2013,1244172,157748,0,6292206,67672,20105
9/4/2013,1345667,164865,0,6602434,69039,20179
9/5/2013,1437028,170290,0,6906128,70170,20267
9/6/2013,1509090,176161,0,7151824,70909,20364
9/7/2013,1572692,180620,0,7338544,71634,20372
9/8/2013,1692302,189379,0,7604476,71825,20383
9/9/2013,1799380,196958,0,7952268,72363,20455
9/10/2013,1909879,205003,0,8320462,73062,20527
9/11/2013,2015051,213129,0,8703552,73856,20671
9/12/2013,2119340,217594,0,9080134,74961,20741
9/13/2013,2192471,222602,0,9383972,75510,20793
9/14/2013,2251553,226125,0,9579894,75663,20803
9/15/2013,2375026,234172,0,9867622,75859,20815
9/16/2013,2487224,241504,0,10266672,76870,20894
9/17/2013,2598825,248601,0,10687596,77653,20969
9/18/2013,2707365,256281,0,11100784,78331,21076
9/19/2013,2806089,261051,0,11477710,79008,21258
9/20/2013,2873991,270445,0,11759462,79518,21306
9/21/2013,2935754,274191,0,11956982,79580,21308
9/22/2013,3057811,281234,0,12249854,79735,21319
9/23/2013,3175617,289526,0,12650578,80448,21398
9/24/2013,3278976,298225,0,13078800,81109,21561
9/25/2013,3383787,305747,0,13486108,85251,23227
9/26/2013,3475234,310347,0,13860784,87363,24188
9/27/2013,3542729,314408,0,14141312,88647,24746
9/28/2013,3605191,318292,0,14338574,89147,24944
9/29/2013,3717189,325021,0,14627406,89833,25206
9/30/2013,3832439,333477,0,14998788,91591,25914
10/1/2013,3963720,340153,0,15442070,92998,26454
10/2/2013,4068729,346202,0,15822068,94362,26926
10/3/2013,4163835,352393,0,16194364,95703,27430
10/4/2013,4237076,358196,0,16483424,96564,27693
10/5/2013,4293910,361578,0,16686274,96807,27757
10/6/2013,4403166,367714,0,16970690,97173,27887
10/7/2013,4523293,374292,0,17376010,98177,28287
10/8/2013,4615028,379780,0,17791950,99264,28676
10/9/2013,4709046,386039,0,18186964,100378,29091
10/10/2013,4791314,391682,0,18532472,101308,29488
10/11/2013,4848904,397115,0,18722260,103619,29704
10/12/2013,4895873,400269,0,18949982,105957,29747
10/13/2013,4992290,406378,0,19176722,106408,29836
10/14/2013,5073654,412225,0,19447530,107000,30057
10/15/2013,5169323,418770,0,19868692,107840,30318
10/16/2013,5255790,425923,0,20244510,108512,30563
10/17/2013,5332626,435247,0,20574324,109785,30817
10/18/2013,5396408,443300,0,20829858,110256,30998
10/19/2013,5443980,561526,0,20989244,110414,31053
10/20/2013,5543034,569571,0,21233234,110661,31140
10/21/2013,5637970,582849,0,21584744,111385,31458
10/22/2013,5732494,590970,0,21964182,112435,31725
10/23/2013,5820902,602222,0,22333596,113130,31982
10/24/2013,5894369,608503,0,22653212,113742,32228
10/25/2013,5951633,622103,0,22878966,114232,32397
10/26/2013,6001902,626157,0,23027126,114323,32415
10/27/2013,6101494,634243,0,23255890,114469,32457
10/28/2013,6200269,646566,0,23590912,115118,32690
10/29/2013,6289072,652745,0,23942176,115871,32995
10/30/2013,6367791,658601,0,24243168,116454,33198
10/31/2013,6428327,664653,0,24501814,116919,33402
11/1/2013,6481986,672119,0,24686274,117370,33578
11/2/2013,6523819,676235,0,24834126,117443,33610
11/3/2013,6622344,684235,0,25044508,117570,33646
11/4/2013,6717894,696646,0,25367446,118118,33882
11/5/2013,6795183,703521,0,25695942,118732,34135
11/6/2013,6874533,709726,0,26013356,119288,34328
11/7/2013,6944024,718289,0,26297462,119815,34542
11/8/2013,6993083,725241,0,26497588,120289,34701
11/9/2013,7032086,729163,0,26623832,120334,34705
11/10/2013,7109851,737918,0,26802424,120447,34736
11/11/2013,7192351,753027,0,27068534,120916,34953
11/12/2013,7276793,759284,0,27365954,121635,35192
11/13/2013,7349071,765800,0,27644826,122302,35447
11/14/2013,7413117,773078,0,27748578,122985,35732
11/15/2013,7461247,781602,0,27816728,123456,35933
11/16/2013,7502335,787472,0,27871672,123516,35949
11/17/2013,7580781,793834,0,27983868,123686,35997
11/18/2013,7661934,811447,0,28117200,124292,36240
11/19/2013,7730445,818518,0,28243148,125189,36521
11/20/2013,7796101,871413,0,28358016,126502,36759
11/21/2013,7851967,898853,0,28452968,127094,37037
11/22/2013,7891779,922441,0,28513060,127697,37284
11/23/2013,7927869,925421,0,28557058,127798,37339
11/24/2013,7955985,950123,0,28593630,127917,37394
11/25/2013,8071337,962997,0,28740136,128639,37670
11/26/2013,8111890,967120,0,28807594,129258,37929
11/27/2013,8137436,983794,0,28848896,129556,38097
11/28/2013,8152154,985708,0,28870236,129620,38129
11/29/2013,8174267,988969,0,28903990,129679,38154
11/30/2013,8204701,997216,0,28945884,129719,38176
12/1/2013,8268273,1027359,0,29029094,129824,38221
12/2/2013,8339855,1036012,0,29147828,130457,38567
12/3/2013,8397540,1052871,0,29267392,131284,38968
12/4/2013,8465920,1098585,0,29402042,131907,39296
12/5/2013,8526913,1126235,0,29521082,132537,39620
12/6/2013,8576619,1166574,0,29610320,132962,39839
12/7/2013,8604566,1170967,0,29665772,133051,39882
12/8/2013,8692001,1180270,0,29829472,133189,39950
12/9/2013,8767970,1197289,0,29996068,133832,40294
12/10/2013,8834791,1240304,0,30152624,134535,40625
12/11/2013,8886337,1268019,0,30287262,135192,41002
12/12/2013,8930223,1326765,0,30385586,136038,41449
12/13/2013,8944528,1380307,0,30443776,136523,41686
12/14/2013,8954577,1464248,0,30484590,136710,41810
12/15/2013,8968975,1495842,0,30547586,136886,41895
12/16/2013,8985581,1535799,0,31457668,138940,42355
12/17/2013,9000281,1581380,0,33744782,141750,42859
12/18/2013,9013791,1641919,0,34368652,142786,43355
12/19/2013,9020835,1846389,0,34435474,143692,43878
12/20/2013,9026343,1927848,0,34605940,144414,44150
12/21/2013,9028309,1959833,0,34630380,144644,44207
12/22/2013,9030128,2013556,0,34651720,144792,44288
12/23/2013,9032225,2049335,0,34675118,145241,44575
12/24/2013,9033008,2057697,0,34738382,145476,44698
12/25/2013,9033679,2060922,0,34746106,145595,44768
12/26/2013,9035407,2062490,0,34755150,146206,44990
12/27/2013,9037223,2064914,0,34770058,146514,45151
12/28/2013,9038783,2098214,0,34783156,146663,45224
12/29/2013,9040305,2117339,0,34796236,146934,45374
12/30/2013,9042222,2179374,0,34812344,147815,45877
12/31/2013,9044269,2257273,0,34829510,148284,46123
1/1/2014,9046613,2275047,0,34844546,148537,46261
1/2/2014,9049294,2280580,0,34865856,149403,46745
1/3/2014,9052291,2281005,0,34897266,150228,47170
1/4/2014,9054293,2291442,0,34923150,150518,47300
1/5/2014,9056983,2292765,0,34950178,150827,47429
1/6/2014,9063144,2293326,0,34998152,151973,47959
1/7/2014,9072307,2293982,0,35072088,154121,48932
1/8/2014,9081455,2297368,0,35155258,156197,49805
1/9/2014,9091844,2300449,0,35250740,157798,50512
1/10/2014,9100896,2302124,0,35338086,158840,50912
1/11/2014,9108235,2303389,0,35405638,159382,51138
1/12/2014,9119563,2304923,0,35486296,159955,51417
1/13/2014,9134794,2308727,0,35610354,161576,52175
1/14/2014,9153148,2314275,0,35766476,163183,52836
1/15/2014,9173696,2321779,0,35950046,164716,53492
1/16/2014,9193240,2329719,0,36126650,166113,54042
1/17/2014,9209414,2345406,0,36284002,167182,54454
1/18/2014,9224099,2350216,0,36399156,167516,54563
1/19/2014,9243918,2358641,0,36533026,167800,54666
1/20/2014,9266090,2366438,0,36704638,168385,54942
1/21/2014,9292736,2378553,0,36915876,169500,55467
1/22/2014,9320282,2387067,0,37049982,170476,55952
1/23/2014,9346979,2395907,0,37145920,171251,56341
1/24/2014,9368957,2408683,0,37222444,172096,56708
1/25/2014,9388073,2417398,0,37289820,172248,56776
1/26/2014,9418237,2431904,0,37402570,172455,56856
1/27/2014,9451112,2446589,0,37523080,173336,57270
1/28/2014,9479494,2457143,0,37633386,174541,58074
1/29/2014,9509726,2469339,0,37751060,175645,58778
1/30/2014,9537764,2480652,0,37860030,176352,59185
1/31/2014,9559775,2497477,0,37943630,176832,59444
2/1/2014,9579156,2505482,0,38014348,176979,59489
2/2/2014,9607563,2520127,0,38127670,177132,59563
2/3/2014,9643377,2533837,0,38268602,177887,59956
2/4/2014,9676215,2545041,0,38403738,178773,60382
2/5/2014,9711842,2559689,0,38541698,179537,60714
2/6/2014,9743587,2569122,0,38664100,180215,61072
2/7/2014,9767641,2579600,0,38749256,180796,61364
2/8/2014,9789294,2585659,0,38825950,180880,61395
2/9/2014,9824630,2597226,0,38965912,181068,61484
2/10/2014,9864198,2608777,0,39119588,181803,61870
2/11/2014,9899587,2620767,0,39258728,182755,62366
2/12/2014,9933002,2637480,0,39389006,183630,62847
2/13/2014,9960611,2648306,0,39489272,184293,63216
2/14/2014,9978011,2658981,0,39550954,184811,63513
2/15/2014,9995208,2665483,0,39612838,184888,63545
2/16/2014,10024350,2677473,0,39729048,185058,63611
2/17/2014,10060325,2688675,0,39861556,185509,63860
2/18/2014,10090020,2699269,0,39981694,186408,64352
2/19/2014,10121382,2713869,0,40104136,187233,64825
2/20/2014,10149774,2723131,0,40210318,188023,65266
2/21/2014,10174623,2730761,0,40290374,188810,65709
2/22/2014,10196267,2737004,0,40354738,188938,65775
2/23/2014,10233366,2749637,0,40480564,189124,65869
2/24/2014,10275621,2762807,0,40625802,190109,66424
2/25/2014,10313586,2781117,0,40760738,191326,67216
2/26/2014,10342155,2792539,0,40842000,192284,67741
2/27/2014,10376700,2808889,0,40969356,193470,68463
2/28/2014,10400525,2869723,0,41049100,194310,68905
3/1/2014,10419366,2876083,0,41106280,194425,68969
3/2/2014,10452812,2889757,0,41220982,194610,69067
3/3/2014,10488508,2903803,0,41352532,195450,69522
3/4/2014,10521739,2913918,0,41478834,196342,70025
3/5/2014,10554711,2928747,0,41600354,197347,70657
3/6/2014,10582729,2937744,0,41702368,198474,71313
3/7/2014,10603497,2952400,0,41770702,199003,71625
3/8/2014,10621207,2960856,0,41822448,199122,71699
3/9/2014,10648192,2971685,0,41910156,199227,71740
3/10/2014,10676867,2981541,0,42011150,200153,72290
3/11/2014,10703216,2990622,0,42106914,201090,72832
3/12/2014,10728938,3000654,0,42199092,202025,73359
3/13/2014,10751707,3005946,0,42278868,202879,73813
3/14/2014,10768222,3023915,0,42335430,203536,74217
3/15/2014,10782397,3028452,0,42378944,203665,74289
3/16/2014,10807854,3038384,0,42465576,203831,74372
3/17/2014,10837656,3050650,0,42566056,204657,74829
3/18/2014,10865926,3059954,0,42670124,205622,75374
3/19/2014,10894959,3070972,0,42776996,206680,75960
3/20/2014,10920038,3079787,0,42863804,207774,76574
3/21/2014,10939103,3087169,0,42922876,208528,76992
3/22/2014,10955289,3092173,0,42975230,208615,77046
3/23/2014,10984012,3106046,0,43079974,208725,77099
3/24/2014,11016755,3120560,0,43190996,209747,77701
3/25/2014,11047688,3128299,0,43295090,210681,78228
3/26/2014,11079706,3137398,0,43401012,211648,78766
3/27/2014,11107896,3146281,0,43494484,212442,79226
3/28/2014,11126091,3155262,0,43556746,213043,79584
3/29/2014,11141798,3160938,0,43605216,213164,79649
3/30/2014,11169375,3171709,0,43696772,213331,79730
3/31/2014,11200728,3196234,0,43805056,214073,80140
4/1/2014,11231613,3205002,0,43911804,214849,80579
4/2/2014,11261962,3217801,0,44020626,215723,81107
4/3/2014,11290868,3225377,0,44115736,216774,81698
4/4/2014,11311155,3234250,0,44182256,217408,82048
4/5/2014,11328502,3238541,0,44234588,217514,82094
4/6/2014,11359031,3250484,0,44334904,217672,82179
4/7/2014,11393556,3259336,0,44454170,218717,82803
4/8/2014,11427076,3266735,0,44574500,219855,83412
4/9/2014,11459239,3282349,0,44689114,220741,83898
4/10/2014,11487443,3290178,0,44783538,221427,84298
4/11/2014,11507677,3298922,0,44851102,221990,84638
4/12/2014,11524344,3303281,0,44903026,222085,84690
4/13/2014,11554467,3315423,0,45002776,222216,84762
4/14/2014,11588443,3329185,0,45114390,223083,85244
4/15/2014,11620951,3354953,0,45222760,223879,85678
4/16/2014,11649861,3367807,0,45318354,224713,86164
4/17/2014,11673629,3376419,0,45398028,225809,86930
4/18/2014,11690969,3386992,0,45454006,226214,87181
4/19/2014,11706755,3392198,0,45503352,226271,87215
4/20/2014,11729757,3402469,0,45581990,226369,87265
4/21/2014,11761643,3419960,0,45696762,227184,87739
4/22/2014,11792568,3428229,0,45806118,228133,88211
4/23/2014,11822914,3440663,0,45912652,228889,88667
4/24/2014,11850708,3446734,0,46009754,229611,89100
4/25/2014,11870846,3446737,0,46077792,230230,89491
4/26/2014,11887273,3446740,0,46128556,230317,89526
4/27/2014,11916119,3446743,0,46224788,230497,89600
4/28/2014,11948883,3513159,0,46342230,231233,90026
4/29/2014,11980347,3586155,0,46454650,232101,90522
4/30/2014,12010496,3635822,0,46556308,233030,91043
5/1/2014,12037855,3665579,0,46646992,233802,91484
5/2/2014,12057798,3721508,0,46709864,234302,91767
5/3/2014,12074442,3734494,0,46757262,234477,91881
5/4/2014,12102691,3756818,0,46845038,234620,91953
5/5/2014,12133678,3791249,0,46949654,235215,92304
5/6/2014,12163170,3818564,0,47050388,236091,92727
5/7/2014,12190306,3842255,0,47145802,237067,93212
5/8/2014,12212780,3871300,0,47222812,237907,93706
5/9/2014,12227908,3969553,0,47271538,238533,94054
5/10/2014,12239129,4022055,0,47305308,238658,94130
5/11/2014,12255689,4041234,0,47360846,238793,94195
5/12/2014,12275540,4068546,0,47428700,239886,94834
5/13/2014,12294445,4094473,0,47492552,240874,95418
5/14/2014,12310951,4122927,0,47549650,241781,95945
5/15/2014,12324263,4189060,0,47594626,242607,96415
5/16/2014,12333218,4304892,0,47624482,243186,96759
5/17/2014,12339471,4378971,0,47645256,243256,96787
5/18/2014,12349808,4438618,0,47681290,243372,96856
5/19/2014,12363437,4492703,0,47731808,244212,97343
5/20/2014,12377307,4542488,0,47781114,245131,97908
5/21/2014,12391436,4569351,0,47830098,246027,98407
5/22/2014,12403740,4587211,0,47869030,246895,98892
5/23/2014,12412944,4644750,0,47898042,247448,99184
5/24/2014,12418940,4677524,0,47917178,247564,99251
5/25/2014,12427482,4688213,0,47944310,247701,99327
5/26/2014,12437404,4727453,0,47978460,247873,99419
5/27/2014,12451594,4732453,0,48026478,248738,99927
5/28/2014,12466412,4740415,0,48079722,249854,100533
5/29/2014,12480926,4801167,0,48129108,250881,101092
5/30/2014,12492625,4939431,0,48166594,251615,101475
5/31/2014,12503198,5016628,0,48200238,251705,101514
6/1/2014,12518693,5066062,0,48251930,251913,101609
6/2/2014,12535961,5102704,0,48307966,252674,102029
6/3/2014,12553438,5107873,0,48366442,253433,102468
6/4/2014,12572250,5115604,0,48426046,254230,102865
6/5/2014,12589775,5122503,0,48480906,254923,103255
6/6/2014,12603801,5137126,0,48522236,255548,103565
6/7/2014,12616565,5146407,0,48559558,255652,103623
6/8/2014,12636406,5161585,0,48620932,255813,103696
6/9/2014,12657548,5172201,0,48688954,256631,104086
6/10/2014,12678157,5185550,0,48755540,257854,104636
6/11/2014,12699642,5193297,0,48824890,258798,105172
6/12/2014,12718019,5205528,0,48882890,259708,105553
6/13/2014,12732376,5220801,0,48923668,260091,105771
6/14/2014,12745031,5247707,0,48959164,260155,105798
6/15/2014,12762786,5327953,0,49012430,260276,105853
6/16/2014,12782384,5454039,0,49074580,261357,106412
6/17/2014,12801498,5464523,0,49136300,262510,106858
6/18/2014,12820133,5476915,0,49197904,263261,107248
6/19/2014,12837544,5489257,0,49252312,264047,107679
6/20/2014,12851293,5498224,0,49292466,264658,108013
6/21/2014,12863048,5510354,0,49328190,264771,108076
6/22/2014,12880537,5521325,0,49388692,264943,108153
6/23/2014,12901000,5536201,0,49451832,265858,108693
6/24/2014,12920596,5546324,0,49515210,266837,109175
6/25/2014,12939663,5558062,0,49579654,267544,109583
6/26/2014,12956116,5587528,0,49632100,268287,109949
6/27/2014,12968561,5600402,0,49667662,268746,110234
6/28/2014,12979377,5619300,0,49698402,268834,110281
6/29/2014,12994959,5650612,0,49744104,268942,110333
6/30/2014,13011307,5663195,0,49791508,269584,110693
7/1/2014,13027414,5706296,0,49838242,270124,110989
7/2/2014,13044607,5718433,0,49885984,271039,111487
7/3/2014,13057785,5740697,0,49921672,271401,111688
7/4/2014,13065457,5755104,0,49941936,271498,111739
7/5/2014,13075608,5772234,0,49968452,271577,111776
7/6/2014,13092127,5787804,0,50014048,271697,111829
7/7/2014,13109812,5803295,0,50065384,272318,112165
7/8/2014,13127694,5811546,0,50115358,273004,112553
7/9/2014,13146294,5819402,0,50164580,273842,113000
7/10/2014,13163989,5836153,0,50211374,274455,113332
7/11/2014,13177664,5846089,0,50247702,274934,113607
7/12/2014,13189037,5852087,0,50278306,275021,113648
7/13/2014,13206084,5863633,0,50326324,275184,113728
7/14/2014,13227135,5870821,0,50379960,277194,114166
7/15/2014,13243509,5882340,0,50427398,278233,114761
7/16/2014,13263071,5889574,0,50475234,279093,115239
7/17/2014,13277767,5905762,0,50518196,280291,115821
7/18/2014,13293056,5922187,0,50554694,280959,116209
7/19/2014,13318696,5928583,0,50611588,281261,116374
7/20/2014,13334869,5971572,0,50658298,281391,116440
7/21/2014,13350937,5980705,0,50707512,282344,116960
7/22/2014,13367238,5997517,0,50756490,283599,117701
7/23/2014,13385177,6011920,0,50809456,285104,118591
7/24/2014,13402831,6028648,0,50855530,286374,119314
7/25/2014,13413649,6050136,0,50888800,287164,119781
7/26/2014,13423142,6070122,0,50918458,287431,119942
7/27/2014,13438496,6115990,0,50961066,287757,120128
7/28/2014,13456997,6141045,0,51001676,289315,121078
7/29/2014,13475721,6163305,0,51045564,290735,121903
7/30/2014,13492341,6197702,0,51094980,291999,122628
7/31/2014,13509712,6278091,0,51136624,293741,123253
8/1/2014,13524102,6331964,0,51159950,294739,123861
8/2/2014,13539803,6346550,0,51181704,295109,124049
8/3/2014,13555960,6373642,0,51213638,295515,124264
8/4/2014,13572689,6381884,0,51259944,298118,125819
8/5/2014,13587297,6396682,0,51295196,299825,126819
8/6/2014,13598836,6410317,0,51327000,301910,128028
8/7/2014,13609536,6441709,0,51353314,303783,129024
8/8/2014,13619363,6461341,0,51370416,305151,129763
8/9/2014,13626543,6478395,0,51385624,305353,129876
8/10/2014,13632289,6547512,0,51406332,305894,130211
8/11/2014,13644353,6561775,0,51436456,308645,131381
8/12/2014,13653480,6565741,0,51459302,311548,132683
8/13/2014,13659810,6571109,0,51480130,313908,134011
8/14/2014,13673303,6595405,0,51517616,316367,135230
8/15/2014,13677230,6625779,0,51532992,318422,136291
8/16/2014,13680858,6637865,0,51546788,319157,136712
8/17/2014,13685835,6651356,0,51566396,319929,137129
8/18/2014,13701616,6658207,0,51609568,322895,138879
8/19/2014,13714840,6671318,0,51648004,326690,140473
8/20/2014,13731357,6683139,0,51694844,329668,142000
8/21/2014,13748071,6697196,0,51744772,333004,143689
8/22/2014,13763287,6720752,0,51787378,335766,145003
8/23/2014,13777409,6735111,0,51820378,336674,145422
8/24/2014,13795197,6747619,0,51873136,337815,145996
8/25/2014,13822180,6764040,0,51949760,341283,147554
8/26/2014,13858931,6785064,0,52050642,344309,149046
8/27/2014,13901154,6808171,0,52166210,348287,150253
8/28/2014,13941677,6833490,0,52279220,350888,151370
8/29/2014,13973227,6872276,0,52363584,352821,152171
8/30/2014,13997111,6905198,0,52428566,353134,152306
8/31/2014,14030405,6957349,0,52523284,353501,152462
9/1/2014,14070554,7051858,0,52641450,354173,152706
9/2/2014,14122614,7123058,0,52801368,357697,153650
9/3/2014,14177263,7173682,0,52969572,360486,154483
9/4/2014,14229761,7226553,0,53130652,362733,155277
9/5/2014,14270846,7262607,0,53252882,364171,155854
9/6/2014,14308673,7287873,0,53358472,364453,155951
9/7/2014,14368804,7355463,0,53537554,367243,156089
9/8/2014,14430312,7412223,0,53722204,369104,156741
9/9/2014,14496100,7462808,0,53924432,370799,157354
9/10/2014,14552766,7501164,0,54103096,372416,157937
9/11/2014,14610419,7559876,0,54248354,373794,158461
9/12/2014,14673693,7600799,0,54406364,374855,158850
9/13/2014,14721936,7630126,0,54528740,375022,158912
9/14/2014,14797191,7701481,0,54725444,375377,159048
9/15/2014,14880340,7769820,0,54945559,377098,159627
9/16/2014,14963111,7821408,0,55158961,378569,160198
9/17/2014,15040981,7881135,0,55372503,380204,160907
9/18/2014,15113743,7924502,0,55560501,381773,161521
9/19/2014,15235951,7963670,0,55656687,383069,162015
9/20/2014,15299418,7988703,0,55723419,383226,162065
9/21/2014,15395844,8055274,0,55847115,384088,162184
9/22/2014,15508476,8118721,0,55974905,385531,162668
9/23/2014,15609996,8170702,0,56095165,387005,163312
9/24/2014,15700978,8227771,0,56211703,388540,163931
9/25/2014,15782181,8273084,0,56326169,389750,164533
9/26/2014,15846759,8309267,0,56414295,390789,164926
9/27/2014,15901445,8343877,0,56475339,390967,165021
9/28/2014,16003189,8406626,0,56588445,391395,165162
9/29/2014,16100276,8476765,0,56712331,392622,165693
9/30/2014,16192966,8568791,0,56829214,393798,166200
10/1/2014,16280418,8625871,0,56944812,395122,166657
10/2/2014,16354222,8672272,0,57051095,396444,167279
10/3/2014,16401740,8706041,0,57124209,397306,167680
10/4/2014,16432277,8728953,0,57179805,397466,167741
10/5/2014,16487937,8789745,0,57286083,397749,167870
10/6/2014,16556113,8853516,0,57408483,399290,168539
10/7/2014,16616802,8900694,0,57520767,401065,169354
10/8/2014,16675438,8944488,0,57625010,402598,170168
10/9/2014,16724305,8989324,0,57713682,403896,170803
10/10/2014,16763823,9062306,0,57781436,404827,171171
10/11/2014,16794250,9090474,0,57834426,404972,171248
10/12/2014,16842519,9162775,0,57928466,405237,171366
10/13/2014,16897213,9228882,0,58035293,406579,171950
10/14/2014,16950369,9284798,0,58144542,407965,172590
10/15/2014,17002916,9335872,0,58245843,409177,173217
10/16/2014,17047866,9383789,0,58333996,410261,173718
10/17/2014,17082644,9441080,0,58400376,411183,174110
10/18/2014,17111201,9465883,0,58453770,411361,174193
10/19/2014,17160236,9537037,0,58550992,411606,174334
10/20/2014,17215011,9630864,0,58836902,412964,174921
10/21/2014,17269561,9683544,0,58944887,414637,175742
10/22/2014,17349435,9742359,0,59074649,417272,177311
10/23/2014,17400576,9792160,0,59249087,426744,182928
10/24/2014,17433574,9857023,0,59313823,427803,183466
10/25/2014,17460143,9879181,0,59363049,428002,183564
10/26/2014,17508924,9938409,0,59461443,428198,183638
10/27/2014,17562937,10025555,0,59569863,429768,184307
10/28/2014,17615265,10076755,0,59676173,431249,184959
10/29/2014,17664265,10119188,0,59774171,432630,185757
10/30/2014,17708196,10178019,0,59860219,433623,186296
10/31/2014,17735903,10243337,0,59915648,434208,186599
11/1/2014,17761404,10267167,0,59959734,434253,186632
11/2/2014,17808348,10327426,0,60053674,434460,186722
11/3/2014,17862548,10396877,0,60164874,435611,187218
11/4/2014,17913587,10437414,0,60262824,436743,187816
11/5/2014,17963000,10490495,0,60359408,437886,188345
11/6/2014,18010192,10525183,0,60462530,439258,189052
11/7/2014,18043628,10572633,0,60532489,440113,189532
11/8/2014,18070396,10596304,0,60583161,440206,189577
11/9/2014,18117496,10653664,0,60679059,440374,189651
11/10/2014,18170607,10716961,0,60786733,441453,190179
11/11/2014,18216064,10757065,0,60881895,442361,190686
11/12/2014,18264473,10804464,0,60979799,443541,191238
11/13/2014,18306885,10838541,0,61066592,444757,191888
11/14/2014,18334717,10885746,0,61128930,445529,192301
11/15/2014,18361150,10906250,0,61178918,445631,192347
11/16/2014,18410102,10957890,0,61275994,445843,192466
11/17/2014,18461501,11032239,0,61383486,446870,193045
11/18/2014,18511054,11085003,0,61481056,448102,193684
11/19/2014,18556323,11128234,0,61572234,449160,194289
11/20/2014,18597164,11161170,0,61655154,450344,194947
11/21/2014,18623764,11201405,0,61713852,451265,195472
11/22/2014,18647005,11237391,0,61759390,451361,195530
11/23/2014,18686811,11291275,0,61845352,451524,195633
11/24/2014,18726228,11353205,0,61932922,452493,196214
11/25/2014,18756897,11394116,0,61995720,453337,196697
11/26/2014,18777715,11421182,0,62037272,453796,196934
11/27/2014,18788221,11439032,0,62057050,453891,196981
11/28/2014,18806897,11462383,0,62091750,453967,197035
11/29/2014,18830317,11480787,0,62137070,454033,197067
11/30/2014,18872209,11540351,0,62224228,454203,197162
12/1/2014,18922812,11640468,0,62332202,455352,197823
12/2/2014,18975677,11710112,0,62441006,456434,198432
12/3/2014,19022905,11788424,0,62539137,457575,199079
12/4/2014,19067835,11864384,0,62631935,458806,199800
12/5/2014,19111031,12027719,0,62710905,459635,200265
12/6/2014,19139246,12221714,0,62766649,459741,200328
12/7/2014,19185226,12278071,0,62861259,459950,200431
12/8/2014,19235647,12399780,0,62960749,461510,201347
12/9/2014,19287540,12560620,0,63065325,462955,202187
12/10/2014,19328580,12724108,0,63149559,464533,203137
12/11/2014,19361089,12974550,0,63217827,466218,204122
12/12/2014,19382483,13234723,0,63261449,467387,204813
12/13/2014,19396182,14091840,0,63287485,467544,204905
12/14/2014,19415654,14494361,0,63326239,467802,205056
12/15/2014,19441314,14796285,0,63370015,469537,206112
12/16/2014,19461412,15444415,0,63409188,471412,207248
12/17/2014,19477861,15838304,0,63441972,473443,208522
12/18/2014,19490196,16143624,0,63469076,475224,209594
12/19/2014,19501936,16441065,0,63494278,476678,210326
12/20/2014,19504550,17701193,0,63498594,476772,210386
12/21/2014,19507298,18521648,0,63503696,476987,210531
12/22/2014,19510807,18968003,0,63521734,478389,211396
12/23/2014,19511686,18990090,0,63575408,479647,211617
12/24/2014,19512063,19005744,0,63618616,481815,211905
12/25/2014,19513011,19022005,0,63677158,483120,212031
12/26/2014,19516122,19032285,0,63703284,484589,212088
12/27/2014,19533320,20190143,0,63897786,486431,212590
12/28/2014,19534698,20217059,0,63900564,486724,212785
12/29/2014,19537703,20276975,0,63904418,487954,213606
12/30/2014,19542733,20436395,0,63909040,489293,214494
12/31/2014,19544316,20673897,0,63911815,490047,214976
1/1/2015,19548513,21304407,0,63915977,490375,215183
1/2/2015,19551177,22215545,0,63919693,491190,215706
1/3/2015,19553950,22236753,0,63923739,491687,216013
1/4/2015,19556811,22253394,0,63929133,492366,216440
1/5/2015,19571550,22262831,0,63944661,495147,218181
1/6/2015,19584826,22269644,0,63968261,498022,219964
1/7/2015,19597175,22276710,0,63995247,501224,222008
1/8/2015,19620567,22288617,0,64604293,504402,224064
1/9/2015,19648716,22307353,0,66326295,506795,225156
1/10/2015,19658087,22335602,0,66346851,507384,225490
1/11/2015,19672946,22354289,0,66378219,508445,226141
1/12/2015,19744333,22391387,0,69488732,511416,227896
1/13/2015,19802990,22412481,0,72589999,514286,229664
1/14/2015,19841849,22456302,0,73856097,518465,231716
1/15/2015,19900270,22492414,0,76376539,523379,233428
1/16/2015,19953631,22543646,0,79921487,528614,234904
1/17/2015,19997251,22581633,0,83423137,531212,235185
1/18/2015,20044153,22622692,0,85357806,533202,235514
1/19/2015,20101318,22653351,0,86043642,535655,236165
1/20/2015,20167308,22702543,0,88453679,540147,237634
1/21/2015,20216710,22749266,0,89299714,542650,238867
1/22/2015,20263404,22786739,0,90590642,545330,239991
1/23/2015,20298110,22849442,0,91089837,546829,240809
1/24/2015,20329350,22888073,0,91158887,547185,241017
1/25/2015,20380859,22949785,0,91277614,547576,241225
1/26/2015,20433817,23002257,0,92215178,550018,242324
1/27/2015,20486328,23050013,0,93598833,552072,243322
1/28/2015,20541196,23098607,0,93925142,553822,244397
1/29/2015,20590368,23146761,0,94037151,555605,245485
1/30/2015,20627217,23237388,0,94856974,557901,246246
1/31/2015,20664389,23311570,0,96920246,558653,246388
2/1/2015,20728354,23381044,0,98469470,562550,246615
2/2/2015,20787452,23442473,0,98808464,564181,247513
2/3/2015,20848123,23492126,0,99471788,566282,248488
2/4/2015,20915697,23531279,0,100103414,568988,249665
2/5/2015,20970614,23574880,0,100316216,570654,250643
2/6/2015,21010058,23619262,0,100610983,572125,251472
2/7/2015,21047612,23663318,0,101066857,572449,251541
2/8/2015,21108814,23738332,0,101201079,572667,251664
2/9/2015,21168537,23816458,0,101534039,573899,252488
2/10/2015,21224459,23873632,0,101893464,575659,253492
2/11/2015,21277779,23921843,0,102010096,577161,254480
2/12/2015,21324622,23961899,0,102315690,578738,255461
2/13/2015,21358457,24015185,0,102458710,579828,256137
2/14/2015,21386989,24042853,0,102661620,580013,256236
2/15/2015,21440739,24123055,0,102776181,580217,256358
2/16/2015,21491234,24183820,0,102883449,580821,256744
2/17/2015,21543039,24241608,0,103197805,582228,257629
2/18/2015,21590218,24291291,0,103429723,583881,258641
2/19/2015,21635858,24339249,0,103734329,585757,259792
2/20/2015,21673521,24390293,0,103832959,587010,260557
2/21/2015,21706242,24426747,0,104028981,587179,260648
2/22/2015,21761570,24499318,0,104144701,587487,260840
2/23/2015,21817446,24578969,0,104269353,588944,261814
2/24/2015,21868369,24636028,0,104588665,590744,262945
2/25/2015,21916208,24692138,0,104839451,592617,264147
2/26/2015,21962310,24773412,0,105143891,593982,264986
2/27/2015,21997296,24826602,0,105256602,595173,265698
2/28/2015,22029156,24885261,0,105459794,595360,265792
3/1/2015,22082068,24970635,0,105573182,595611,265930
3/2/2015,22134704,25054790,0,105687648,597118,266895
3/3/2015,22183311,25112382,0,105999820,598844,268001
3/4/2015,22229011,25165019,0,106270360,600521,269112
3/5/2015,22271699,25210095,0,106560448,602063,270046
3/6/2015,22302408,25287613,0,106624658,603032,270681
3/7/2015,22331801,25336440,0,106797180,603551,270733
3/8/2015,22374900,25409355,0,106886136,603742,270841
3/9/2015,22418201,25506140,0,106977322,605191,271792
3/10/2015,22459173,25546634,0,107267060,606830,272813
3/11/2015,22497501,25604242,0,107438833,608478,273853
3/12/2015,22532480,25638335,0,107715471,609846,274738
3/13/2015,22556244,25691673,0,107779299,610833,275372
3/14/2015,22577588,25738891,0,107946649,610990,275457
3/15/2015,22612008,25790546,0,108018599,611149,275560
3/16/2015,22651489,25858463,0,108101058,612678,276432
3/17/2015,22688857,25895723,0,108380601,614128,277292
3/18/2015,22725328,25935794,0,108527875,616080,278620
3/19/2015,22760505,25978881,0,108796523,617959,279648
3/20/2015,22787589,26041862,0,108854379,618916,280263
3/21/2015,22811562,26102455,0,109010393,619154,280393
3/22/2015,22852541,26222411,0,109100781,619332,280498
3/23/2015,22899906,26289444,0,109204620,620795,281439
3/24/2015,22944771,26350866,0,109496816,622395,282493
3/25/2015,22987641,26401790,0,109691094,623844,283437
3/26/2015,23028126,26466288,0,109954256,625453,284445
3/27/2015,23056503,26523854,0,110016718,626649,285194
3/28/2015,23082388,26600109,0,110173202,626835,285277
3/29/2015,23125389,26671295,0,110269070,627101,285454
3/30/2015,23172031,26759416,0,110377476,628424,286338
3/31/2015,23215511,26868353,0,110673748,629879,287277
4/1/2015,23255334,26921358,0,110843275,631307,288218
4/2/2015,23291239,26968110,0,111078662,632589,288989
4/3/2015,23317254,27011129,0,111133868,633363,289522
4/4/2015,23340928,27063946,0,111264406,633504,289599
4/5/2015,23377258,27148228,0,111345190,633613,289669
4/6/2015,23423389,27218679,0,111446434,634909,290522
4/7/2015,23470639,27269946,0,111739428,636513,291498
4/8/2015,23515621,27321635,0,111924240,638092,292478
4/9/2015,23555816,27356354,0,112201768,639329,293283
4/10/2015,23586739,27393805,0,112271072,640174,293855
4/11/2015,23612356,27443217,0,112443430,640300,293924
4/12/2015,23657135,27503583,0,112540715,640494,294032
4/13/2015,23707342,27585446,0,112649369,641621,294772
4/14/2015,23754961,27644381,0,112956484,642832,295604
4/15/2015,23799999,27700049,0,113276268,644289,296573
4/16/2015,23841231,27742908,0,113461781,645696,297491
4/17/2015,23871983,27811198,0,113595163,646664,298151
4/18/2015,23897357,27852441,0,113695601,646785,298236
4/19/2015,23944676,27918561,0,113880814,646979,298365
4/20/2015,23993818,27987510,0,114093860,647574,298719
4/21/2015,24040381,28038614,0,114291420,648421,299310
4/22/2015,24086605,28104242,0,114482728,649226,299824
4/23/2015,24129293,28163495,0,114660110,650091,300357
4/24/2015,24161635,28280729,0,114792882,652946,302288
4/25/2015,24190309,28324338,0,114898702,653020,302342
4/26/2015,24237233,28397254,0,115078346,653294,302514
4/27/2015,24286544,28487557,0,115290279,654649,303435
4/28/2015,24331368,28566782,0,115477847,656104,304396
4/29/2015,24375240,28661333,0,115658713,657504,305342
4/30/2015,24415245,28765550,0,115816835,658967,306311
5/1/2015,24443368,29117012,0,115927443,659884,306925
5/2/2015,24466045,29382384,0,116009976,659983,306986
5/3/2015,24505250,29520066,0,116152309,660141,307088
5/4/2015,24549059,29702034,0,116339425,661673,308081
5/5/2015,24588375,29836891,0,116506391,663273,309137
5/6/2015,24627420,30039875,0,116673449,664724,310105
5/7/2015,24658297,30199495,0,116811663,666506,311300
5/8/2015,24678238,30394854,0,116900877,667700,312077
5/9/2015,24694040,31009321,0,116962271,667859,312181
5/10/2015,24716345,31562304,0,117047941,668089,312341
5/11/2015,24742163,31857058,0,117177140,669581,313347
5/12/2015,24767192,32180691,0,117291612,671312,314501
5/13/2015,24788514,32442953,0,117399851,673138,315693
5/14/2015,24806562,32636970,0,117496438,674868,316820
5/15/2015,24819811,32893356,0,117561736,675935,317549
5/16/2015,24828938,33848568,0,117602234,676132,317667
5/17/2015,24842010,34291741,0,117660374,676469,317893
5/18/2015,24858351,34488637,0,117752802,678051,318918
5/19/2015,24875071,34622927,0,117843982,679667,319968
5/20/2015,24893629,34823383,0,117938746,681346,321053
5/21/2015,24910544,35019082,0,118023046,682847,322072
5/22/2015,24923628,35228098,0,118084680,683697,322636
5/23/2015,24934054,35632328,0,118124533,683841,322726
5/24/2015,24948009,35827598,0,118180041,684080,322883
5/25/2015,24962493,35994765,0,118240560,684478,323169
5/26/2015,24982536,36132115,0,118333082,686695,324200
5/27/2015,25003118,36294866,0,118429378,688283,325269
5/28/2015,25023113,36409064,0,118518759,689876,326302
5/29/2015,25038626,36664859,0,118586101,691034,327076
5/30/2015,25052334,36986976,0,118639187,691233,327185
5/31/2015,25073153,37233341,0,118723192,691585,327406
6/1/2015,25096125,37894642,0,118832998,693002,328325
6/2/2015,25121259,38091150,0,118941065,694682,329437
6/3/2015,25146024,38171314,0,119047199,695942,330283
6/4/2015,25169203,38258266,0,119145499,697210,331143
6/5/2015,25188393,38347478,0,119223317,698081,331718
6/6/2015,25205365,38392696,0,119287227,698194,331790
6/7/2015,25231011,38467584,0,119382925,698448,331955
6/8/2015,25258483,38575726,0,119502334,699795,332878
6/9/2015,25285958,38619615,0,119615540,701044,333727
6/10/2015,25313555,38666378,0,119729579,702218,334519
6/11/2015,25338787,38727470,0,119830583,703292,335267
6/12/2015,25360106,38821295,0,119912632,703994,335730
6/13/2015,25379585,38863697,0,119982488,704108,335796
6/14/2015,25408418,38965762,0,120085155,704339,335955
6/15/2015,25436802,39103347,0,120201988,705575,336784
6/16/2015,25465531,39171391,0,120315206,706878,337705
6/17/2015,25494223,39230748,0,120427612,708163,338601
6/18/2015,25520089,39293709,0,120528426,709283,339352
6/19/2015,25540546,39418959,0,120606392,710114,339930
6/20/2015,25558332,39545282,0,120669666,710249,340010
6/21/2015,25584098,39642102,0,120760848,710505,340184
6/22/2015,25611190,39707939,0,120869051,711876,341147
6/23/2015,25637500,39787460,0,120923303,713411,342207
6/24/2015,25666788,39845583,0,120977843,714828,343204
6/25/2015,25690443,39905142,0,121024454,715921,343962
6/26/2015,25710688,39970149,0,121062264,716728,344545
6/27/2015,25730062,40012474,0,121097114,716839,344619
6/28/2015,25755672,40108346,0,121147735,717063,344782
6/29/2015,25781331,40209282,0,121199209,718312,345674
6/30/2015,25806098,40377695,0,121247625,719418,346419
7/1/2015,25829025,40604359,0,121292866,720761,347380
7/2/2015,25850211,40716025,0,121331850,721524,347948
7/3/2015,25866577,40771633,0,121361920,721730,348087
7/4/2015,25878464,40837240,0,121382663,721816,348145
7/5/2015,25901107,40906004,0,121426391,721955,348237
7/6/2015,25926066,40964605,0,121477035,723249,349142
7/7/2015,25950944,41028178,0,121525659,724584,350063
7/8/2015,25975803,41074449,0,121574091,725860,350947
7/9/2015,25998566,41130565,0,121616947,727132,351846
7/10/2015,26016828,41163689,0,121650767,728100,352527
7/11/2015,26034244,41220132,0,121681649,728316,352668
7/12/2015,26059320,41270204,0,121730021,728582,352858
7/13/2015,26083829,41320112,0,121778325,730052,353898
7/14/2015,26108011,41327688,0,121824297,731657,355034
7/15/2015,26131772,41327692,0,121870607,732574,355711
7/16/2015,26154223,41327698,0,121913957,733556,356409
7/17/2015,26172760,41327702,0,121947769,734094,356817
7/18/2015,26190809,41327706,0,121980451,734197,356883
7/19/2015,26216161,41327710,0,122029734,734381,357005
7/20/2015,26240555,41327714,0,122079250,735346,357711
7/21/2015,26264723,41327718,0,122126960,736355,358432
7/22/2015,26288521,41371632,0,122175434,738555,360094
7/23/2015,26311530,41392827,0,122220886,740284,361315
7/24/2015,26329764,41414928,0,122255870,741654,362323
7/25/2015,26345741,41431082,0,122284265,741897,362507
7/26/2015,26368378,41458960,0,122328730,742345,362788
7/27/2015,26389299,41480064,0,122371650,744517,364337
7/28/2015,26407224,41495060,0,122405186,746781,365954
7/29/2015,26425537,41513083,0,122441138,749335,367520
7/30/2015,26443363,41528937,0,122474674,752081,369236
7/31/2015,26458651,41550819,0,122502718,754435,370355
8/1/2015,26470510,41565002,0,122522533,754701,370541
8/2/2015,26485626,41587096,0,122551151,755133,370858
8/3/2015,26501018,41604313,0,122581745,757901,372774
8/4/2015,26514421,41616285,0,122608898,760983,374842
8/5/2015,26527055,41629603,0,122634662,764206,377043
8/6/2015,26537481,41638654,0,122659200,767560,379255
8/7/2015,26548815,41650829,0,122684962,769474,380665
8/8/2015,26554732,41659326,0,122697053,769934,381002
8/9/2015,26562312,41672958,0,122713586,770804,381588
8/10/2015,26571295,41686232,0,122735528,774004,383866
8/11/2015,26605484,41693775,0,122757704,779049,386118
8/12/2015,26613965,41704501,0,122778055,785250,388603
8/13/2015,26622526,41715683,0,123116163,789046,391071
8/14/2015,26629263,41726258,0,123706631,793305,392990
8/15/2015,26634739,41731521,0,124279741,794871,393675
8/16/2015,26641545,41738341,0,124918495,796221,394538
8/17/2015,26652429,41748140,0,125511650,801134,397501
8/18/2015,26666560,41759410,0,125955528,807496,401039
8/19/2015,26683318,41776456,0,126569234,813452,404185
8/20/2015,26701957,41794913,0,127188694,818426,407393
8/21/2015,26718058,41812490,0,127797350,823462,410157
8/22/2015,26739271,41825386,0,128331452,825427,410871
8/23/2015,26761490,41854217,0,128389282,827592,412099
8/24/2015,26793514,41889288,0,128483941,833594,415326
8/25/2015,26834970,41930729,0,128607757,838300,418217
8/26/2015,26892139,41986368,0,128946086,842390,420480
8/27/2015,26944048,42040440,0,129196492,846560,422917
8/28/2015,26985451,42096514,0,129387354,850021,424692
8/29/2015,27025738,42136595,0,129489604,850949,425204
8/30/2015,27092999,42231667,0,129770776,852553,426037
8/31/2015,27161684,42325545,0,130087658,856161,428179
9/1/2015,27233402,42413189,0,130435919,859502,430134
9/2/2015,27306190,42499007,0,130834439,862755,431987
9/3/2015,27375010,42590936,0,131536087,865982,433486
9/4/2015,27433085,42669326,0,131963635,868886,434531
9/5/2015,27479551,42724573,0,132127553,869228,434693
9/6/2015,27541577,42827437,0,132365121,869724,434911
9/7/2015,27608851,42914020,0,132577425,870595,435367
9/8/2015,27693207,43018391,0,132847410,873241,436774
9/9/2015,27785321,43129431,0,133179402,875899,438334
9/10/2015,27865637,43229168,0,133647256,878740,439702
9/11/2015,27930458,43330692,0,133867464,880813,440722
9/12/2015,27986215,43396031,0,134201736,881352,440858
9/13/2015,28080450,43543326,0,134467800,882268,441111
9/14/2015,28174623,43675896,0,134937000,884942,442447
9/15/2015,28268842,43797583,0,135294404,887398,443593
9/16/2015,28363851,43910504,0,135633846,890008,444637
9/17/2015,28447028,44006056,0,136031909,892304,445720
9/18/2015,28510418,44070282,0,136291877,894082,446629
9/19/2015,28565919,44133415,0,136427015,894559,446753
9/20/2015,28662521,44153708,0,136864630,895149,446971
9/21/2015,28762133,44271610,0,137187018,897373,447996
9/22/2015,28856679,44419011,0,137486999,899448,449108
9/23/2015,28943578,44562155,0,137865068,901615,450096
9/24/2015,29027076,44672895,0,138300077,903915,451295
9/25/2015,29096621,44724001,0,138664776,905771,452109
9/26/2015,29147956,44790515,0,138793902,905973,452216
9/27/2015,29243265,44857536,0,139082888,906337,452357
9/28/2015,29345171,45047898,0,139492334,908638,453323
9/29/2015,29430293,45214041,0,139718818,910699,454342
9/30/2015,29523062,45341239,0,140065029,912699,455416
10/1/2015,29567472,45451144,0,140373164,915400,456157
10/2/2015,29589512,45548217,0,140461253,917887,456554
10/3/2015,29609046,45608347,0,140880209,918239,456622
10/4/2015,29644641,45771105,0,141071811,918754,456747
10/5/2015,29684125,45916556,0,141215974,920097,457264
10/6/2015,29723687,46032066,0,141710029,921483,457828
10/7/2015,29761263,46147250,0,141841392,923143,458487
10/8/2015,29792862,46242797,0,141990584,925109,459205
10/9/2015,29812744,46326570,0,142414967,926140,459606
10/10/2015,29831044,46382022,0,142481691,926272,459666
10/11/2015,29866068,46515162,0,142698703,926501,459767
10/12/2015,29904767,46641874,0,142941045,927906,460401
10/13/2015,29939101,46762243,0,143066180,929070,460986
10/14/2015,29972553,46874521,0,143547635,930984,461603
10/15/2015,30004490,46979284,0,143651880,932438,462344
10/16/2015,30034117,47075816,0,143749079,933366,462806
10/17/2015,30052678,47134328,0,144042027,933645,462878
10/18/2015,30084621,47284223,0,144175841,934307,462996
10/19/2015,30122955,47416531,0,144558411,935629,463584
10/20/2015,30155855,47534680,0,144675586,937033,464271
10/21/2015,30186557,47655653,0,144787536,938405,464871
10/22/2015,30217773,47761389,0,145243147,939757,465475
10/23/2015,30245104,47850489,0,145366203,940631,465844
10/24/2015,30265323,47907618,0,145422817,940754,465904
10/25/2015,30304244,48058047,0,145540439,940971,466017
10/26/2015,30346544,48199139,0,145674706,941826,466579
10/27/2015,30383629,48314114,0,145799006,943017,467094
10/28/2015,30421806,48419106,0,145919431,944344,467762
10/29/2015,30452125,48517259,0,146025615,945428,468303
10/30/2015,30474932,48604684,0,146098709,946214,468727
10/31/2015,30491605,48667272,0,146145899,946279,468753
11/1/2015,30526751,48820902,0,146271291,946456,468843
11/2/2015,30565047,48957422,0,146403490,947672,469403
11/3/2015,30599458,49069900,0,146522990,948779,469992
11/4/2015,30633458,49196102,0,146665714,949860,470592
11/5/2015,30662681,49298925,0,146764962,950882,471125
11/6/2015,30687212,49395826,0,146847164,951879,471594
11/7/2015,30702974,49446173,0,146897510,951961,471640
11/8/2015,30735033,49602740,0,147014486,952111,471707
11/9/2015,30768391,49742652,0,147143511,953331,472290
11/10/2015,30801764,49857622,0,147255423,954289,472820
11/11/2015,30831063,49959129,0,147351889,955239,473345
11/12/2015,30860459,50049481,0,147448577,956443,473974
11/13/2015,30880838,50137619,0,147523085,957189,474384
11/14/2015,30898610,50184859,0,147575559,957259,474424
11/15/2015,30935063,50329560,0,147689807,957398,474512
11/16/2015,30972769,50460327,0,147812425,958490,475142
11/17/2015,31007570,50558286,0,147925536,959595,475832
11/18/2015,31040756,50657065,0,148028339,960720,476491
11/19/2015,31070012,50747245,0,148123523,961748,477137
11/20/2015,31096330,50848632,0,148206379,962602,477633
11/21/2015,31113751,50896350,0,148255985,962693,477694
11/22/2015,31147884,51020172,0,148358637,962856,477787
11/23/2015,31180488,51127873,0,148457035,964777,478257
11/24/2015,31198074,51213577,0,148525616,965752,478796
11/25/2015,31209876,51268101,0,148566358,966189,479094
11/26/2015,31214975,51287469,0,148585000,966298,479178
11/27/2015,31224980,51327378,0,148618550,966378,479231
11/28/2015,31237751,51367155,0,148660294,966500,479299
11/29/2015,31263439,51480476,0,148747422,966798,479393
11/30/2015,31296892,51643078,0,148867098,967921,480044
12/1/2015,31334527,51771406,0,148988524,968965,480701
12/2/2015,31368684,51972474,0,149102026,970016,481296
12/3/2015,31400920,52100514,0,149207390,971317,482057
12/4/2015,31423195,52226734,0,149287188,972179,482610
12/5/2015,31444347,52288263,0,149343522,972275,482665
12/6/2015,31476745,52401652,0,149444176,972451,482768
12/7/2015,31509362,52568582,0,149561933,973593,483422
12/8/2015,31542618,52693036,0,149663311,974753,484139
12/9/2015,31578171,52812044,0,149767877,975946,484910
12/10/2015,31601863,52929007,0,149846972,977460,485806
12/11/2015,31618386,53049699,0,149901082,978450,486452
12/12/2015,31631129,53141876,0,149933458,978568,486540
12/13/2015,31653626,53249428,0,149983426,978755,486659
12/14/2015,31680134,53342831,0,150036440,979955,487455
12/15/2015,31702087,53411708,0,150082768,981303,488327
12/16/2015,31720317,53488615,0,150125189,982622,489196
12/17/2015,31732055,53616734,0,150162151,983882,490076
12/18/2015,31740538,53713426,0,150183179,984868,490732
12/19/2015,31760698,53804338,0,150197579,985022,490829
12/20/2015,31781137,53867918,0,150214637,985196,490951
12/21/2015,31802297,53912925,108910,150233603,986266,491737
12/22/2015,31822530,53983485,109064,150250200,987398,492529
12/23/2015,31841925,54024567,120232,150263998,988270,493148
12/24/2015,31860794,54053042,120306,150274744,988472,493295
12/25/2015,31879550,54134282,0,150284804,988530,493337
12/26/2015,31898377,54171931,0,150295704,988696,493441
12/27/2015,31917380,54195425,0,150307308,988880,493563
12/28/2015,31936960,54218609,120314,150320844,989937,494253
12/29/2015,31956577,54233642,120344,150335436,991078,495061
12/30/2015,31976914,54276158,120358,150350146,991994,495689
12/31/2015,31996458,54314383,120448,150363481,992612,496112
1/1/2016,32015389,54385264,0,150375159,992973,496364
1/2/2016,32034523,54403338,0,150387487,993374,496640
1/3/2016,32054247,54428556,0,150402235,993924,497019
1/4/2016,32075844,54457716,120450,150427204,996383,498542
1/5/2016,32098486,54481138,120582,150457618,999068,500342
1/6/2016,32124033,54503602,120812,150767870,1002369,502424
1/7/2016,32149430,54537180,120856,151373964,1005744,503977
1/8/2016,32173704,54562862,120890,151971872,1008206,505123
1/9/2016,32197405,54581327,0,152565540,1009513,505560
1/10/2016,32223471,54607297,0,153171630,1011252,506266
1/11/2016,32254478,54649240,120896,154041173,1015096,508187
1/12/2016,32286350,54693110,120912,154451580,1018201,510074
1/13/2016,32320365,54743076,120992,154582455,1020892,511796
1/14/2016,32352660,54798409,121222,155203280,1023732,513382
1/15/2016,32382146,54859735,0,155827417,1026375,514757
1/16/2016,32411828,54896430,0,156510425,1027336,515062
1/17/2016,32446462,54957337,0,156981449,1028333,515439
1/18/2016,32483360,55019047,0,157398260,1029891,516296
1/19/2016,32522845,55111837,121292,157544496,1032344,517947
1/20/2016,32565987,55255572,121694,157770088,1035129,519301
1/21/2016,32609089,55359617,122286,158019865,1037047,520473
1/22/2016,32653898,55445960,122288,158234279,1038360,521310
1/23/2016,32689760,55515853,0,158395913,1038631,521512
1/24/2016,32733457,55633765,0,158548749,1038976,521766
1/25/2016,32780466,55774964,122402,158774481,1040007,522496
1/26/2016,32829495,55884614,0,159048791,1041457,523492
1/27/2016,32881888,55994198,122546,159354568,1042772,524417
1/28/2016,32936552,56096506,123768,159646404,1044069,525250
1/29/2016,32977040,56198704,124476,159821708,1044971,525902
1/30/2016,32999718,56268127,126822,159936548,1045134,526005
1/31/2016,33035113,56403229,0,160158926,1045446,526230
2/1/2016,33078202,56636393,130346,160440860,1046856,527185
2/2/2016,33124460,56750450,130508,160739960,1048361,527911
2/3/2016,33165026,56864343,130566,161012736,1049529,528785
2/4/2016,33202860,56965237,131110,161210621,1050628,529564
2/5/2016,33234923,57060964,131234,161447702,1051455,530123
2/6/2016,33260825,57131278,0,161533166,1051608,530238
2/7/2016,33296979,57252059,0,161683034,1051816,530413
2/8/2016,33339776,57437086,131314,161943572,1053362,531131
2/9/2016,33381883,57558999,131434,162086537,1054357,531952
2/10/2016,33422213,57670072,131476,162461718,1055477,532709
2/11/2016,33460903,57771393,131510,162739228,1056563,533462
2/12/2016,33491053,57862259,131512,162917555,1057277,534023
2/13/2016,33512182,57926648,131570,163423957,1057463,534161
2/14/2016,33544733,58037327,0,163932539,1057632,534291
2/15/2016,33587258,58216599,0,164167875,1058062,534609
2/16/2016,33626503,58336178,131734,164385846,1059199,535462
2/17/2016,33668215,58448037,131878,164643801,1060301,536214
2/18/2016,33707974,58571282,132110,164861533,1061285,536994
2/19/2016,33736977,58671478,132346,164966236,1061982,537507
2/20/2016,33759064,58749341,0,165036562,1062141,537640
2/21/2016,33808813,58875260,0,165187870,1062379,537845
2/22/2016,33849182,59054112,132584,165339623,1063378,538658
2/23/2016,33887532,59171387,132588,165479402,1064410,539475
2/24/2016,33925103,59288032,132596,165609440,1065529,540337
2/25/2016,33956623,59388866,132686,165731079,1066687,541281
2/26/2016,33982645,59481808,133744,165825245,1067644,542025
2/27/2016,33997896,59550182,133746,165896343,1067773,542117
2/28/2016,34028255,59678420,0,166050311,1067950,542239
2/29/2016,34062635,59871424,135294,166201701,1069057,543089
3/1/2016,34103184,59985097,135356,166327249,1070395,544127
3/2/2016,34143304,60093988,135510,166444225,1071391,544910
3/3/2016,34180632,60191305,0,166552316,1072635,545933
3/4/2016,34207322,60280787,135516,166629724,1073471,546619
3/5/2016,34222955,60339719,0,166685386,1073647,546740
3/6/2016,34249012,60460363,0,166800804,1073850,546895
3/7/2016,34279767,60592452,135542,166915049,1074774,547632
3/8/2016,34315127,60684760,135682,167021043,1075660,548344
3/9/2016,34351884,60769943,135776,167122452,1076794,549129
3/10/2016,34379639,60848603,135832,167218355,1077888,549991
3/11/2016,34402937,60930244,135862,167299674,1078648,550612
3/12/2016,34416385,60982532,0,167343988,1078812,550746
3/13/2016,34440149,61082058,0,167440840,1078998,550904
3/14/2016,34477546,61196839,0,167537196,1079957,551643
3/15/2016,34515569,61283710,135944,167623855,1080983,552436
3/16/2016,34556107,61365683,136024,167709668,1081948,553213
3/17/2016,34584425,61429204,136042,167785149,1083008,554087
3/18/2016,34609363,61504569,136074,167844122,1083701,554671
3/19/2016,34624493,61551525,0,167889530,1083804,554749
3/20/2016,34649932,61661764,136172,167993302,1084005,554912
3/21/2016,34680747,61796387,143834,168117696,1084994,555719
3/22/2016,34711340,61899581,143858,168223802,1085992,556575
3/23/2016,34736061,61997795,143918,168324583,1086908,557325
3/24/2016,34753847,62085322,144166,168408851,1087631,557976
3/25/2016,34766896,62162337,152020,168468781,1088137,558448
3/26/2016,34780156,62213871,152026,168519169,1088238,558531
3/27/2016,34803159,62339398,0,168620237,1088375,558658
3/28/2016,34832743,62463982,152080,168747831,1089467,559670
3/29/2016,34855806,62575817,152244,168860267,1090837,560964
3/30/2016,34880834,62685937,152278,168968584,1091611,561677
3/31/2016,34905798,62788245,152308,169064946,1092502,562474
4/1/2016,34925640,62868519,152514,169139645,1093207,563127
4/2/2016,34940154,62927870,0,169194901,1093326,563234
4/3/2016,34970493,63082465,0,169321999,1093501,563384
4/4/2016,35003244,63220826,152840,169455194,1094377,564081
4/5/2016,35036100,63338138,153038,169574179,1095455,565004
4/6/2016,35071781,63478518,153066,169689930,1096405,565832
4/7/2016,35107905,63572821,153446,169794300,1097165,566505
4/8/2016,35132690,63665592,0,169872048,1098083,567346
4/9/2016,35150924,63732031,0,169928204,1098162,567408
4/10/2016,35195282,63885348,0,170058690,1098320,567546
4/11/2016,35237974,64039836,153476,170203497,1099139,568263
4/12/2016,35279496,64146864,0,170324253,1100014,569044
4/13/2016,35315088,64252267,0,170438919,1100930,569879
4/14/2016,35351712,64344214,153570,170542921,1101851,570704
4/15/2016,35376963,64435767,160018,170626734,1102566,571366
4/16/2016,35395298,64491814,160132,170684662,1102648,571444
4/17/2016,35427369,64644219,0,170813328,1102796,571582
4/18/2016,35462891,64780793,0,170944871,1103700,572375
4/19/2016,35497807,64905477,160230,171066290,1104605,573193
4/20/2016,35529457,65031789,0,171179373,1105450,573995
4/21/2016,35561929,65135873,171412,171291635,1106390,574820
4/22/2016,35591396,65243577,172086,171387425,1107124,575431
4/23/2016,35617396,65300258,172088,171456493,1107222,575509
4/24/2016,35659281,65443301,0,171592677,1107423,575699
4/25/2016,35708002,65573524,172092,171734019,1108301,576509
4/26/2016,35763796,65681486,172150,171857060,1109058,577188
4/27/2016,35808814,65803421,0,171976275,1109929,578009
4/28/2016,35849199,65916288,172154,172084288,1110950,578973
4/29/2016,35877581,66023364,172158,172169611,1111670,579647
4/30/2016,35901384,66110159,0,172231545,1111805,579775
5/1/2016,35939126,66238071,0,172339689,1112143,580063
5/2/2016,35981491,66377811,172194,172456171,1113058,580918
5/3/2016,36022483,66467936,172196,172560019,1114060,581883
5/4/2016,36058314,66566856,172232,172654379,1114939,582740
5/5/2016,36089688,66673700,172234,172730176,1115823,583583
5/6/2016,36110399,66806770,0,172795640,1116720,584361
5/7/2016,36127207,66939644,0,172842066,1116870,584503
5/8/2016,36154991,67035689,0,172910286,1117079,584692
5/9/2016,36181388,67134232,0,172992317,1118254,585797
5/10/2016,36205281,67218045,0,173059829,1119487,586934
5/11/2016,36230272,67299285,173646,173124887,1120505,587895
5/12/2016,36253212,67357859,173746,173179791,1121553,588837
5/13/2016,36268417,67434469,173752,173225666,1122233,589428
5/14/2016,36281809,67483871,0,173252982,1122376,589563
5/15/2016,36300849,67565326,0,173294550,1122627,589804
5/16/2016,36322303,67738743,173754,173348479,1123777,590877
5/17/2016,36342189,67809008,0,173402579,1124700,591759
5/18/2016,36363015,67881964,0,173458231,1125523,592547
5/19/2016,36382327,67972390,173774,173513186,1126545,593506
5/20/2016,36399531,68068556,173776,173559350,1127185,594104
5/21/2016,36411680,68118939,0,173589586,1127313,594231
5/22/2016,36426596,68188598,0,173636390,1127539,594452
5/23/2016,36445648,68251652,0,173694859,1128585,595402
5/24/2016,36463415,68301312,0,173752329,1129588,596339
5/25/2016,36481288,68351917,173782,173807225,1130613,597327
5/26/2016,36499085,68401559,0,173860277,1131641,598267
5/27/2016,36512480,68445515,0,173895506,1132144,598705
5/28/2016,36525414,68479920,0,173924950,1132253,598813
5/29/2016,36540514,68524567,0,173966130,1132398,598953
5/30/2016,36555107,68560685,0,174004736,1132680,599226
5/31/2016,36573269,68621019,0,174059664,1133569,600035
6/1/2016,36591197,68705192,175084,174120616,1134435,600854
6/2/2016,36609517,68762866,176070,174178265,1135365,601736
6/3/2016,36624711,68811747,180438,174223106,1136120,602440
6/4/2016,36640823,68845862,0,174262848,1136310,602621
6/5/2016,36659630,68920871,0,174319882,1136652,602957
6/6/2016,36681511,68986659,180476,174386914,1137596,603800
6/7/2016,36701621,69050529,180490,174458431,1138688,604837
6/8/2016,36750615,69147570,180522,174582975,1142151,608270
6/9/2016,36803927,69205667,180540,174698275,1143998,610047
6/10/2016,36842514,69312721,180574,174788197,1144900,610928
6/11/2016,36880224,69363628,0,174871113,1145163,611188
6/12/2016,36931512,69455625,0,174995783,1145525,611543
6/13/2016,36981337,69524924,180588,175118201,1147008,612970
6/14/2016,37032141,69588104,0,175243465,1148808,614735
6/15/2016,37080637,69647932,180624,175362419,1150118,615952
6/16/2016,37127041,69709275,0,175472079,1151460,617229
6/17/2016,37167238,69774169,180656,175561051,1152315,618049
6/18/2016,37203610,69817240,0,175639871,1152463,618187
6/19/2016,37251486,69889433,0,175752393,1152706,618428
6/20/2016,37304152,69969740,180876,175883453,1154071,619693
6/21/2016,37356296,70028469,181460,176005452,1155488,621028
6/22/2016,37406919,70090789,182554,176129106,1156834,622307
6/23/2016,37453352,70156504,182648,176236208,1158279,623720
6/24/2016,37490986,70231052,182678,176322191,1159393,624809
6/25/2016,37525648,70266677,182706,176395877,1159580,624990
6/26/2016,37573763,70345845,0,176507189,1159892,625295
6/27/2016,37622823,70415913,184276,176626601,1161307,626668
6/28/2016,37670128,70472223,0,176744062,1162789,628128
6/29/2016,37719645,70534457,187286,176861412,1164185,629504
6/30/2016,37763861,70604443,187340,176966470,1165724,630910
7/1/2016,37800612,70665265,0,177047094,1166523,631678
7/2/2016,37833351,70695116,0,177115442,1166683,631834
7/3/2016,37871613,70758146,0,177201650,1166856,632007
7/4/2016,37902934,70790885,0,177270800,1167174,632319
7/5/2016,37949486,70849249,188436,177382140,1168326,633438
7/6/2016,37993938,70940745,188444,177491668,1169766,635817
7/7/2016,38031088,70987828,188694,177585532,1171268,637296
7/8/2016,38061073,71031706,188698,177657833,1173453,639405
7/9/2016,38088105,71065066,188828,177721849,1182695,648632
7/10/2016,38127413,71134682,0,177822237,1183050,648979
7/11/2016,38166018,71195663,188834,177923697,1184799,650668
7/12/2016,38202212,71252681,188908,178019317,1186403,652225
7/13/2016,38239889,71300001,193940,178116183,1187957,653739
7/14/2016,38273799,71345012,193942,178202577,1189378,655107
7/15/2016,38300405,71391360,193962,178268069,1190412,656116
7/16/2016,38327463,71424906,194030,178332651,1190581,656282
7/17/2016,38365442,71499251,0,178428592,1190876,656569
7/18/2016,38402972,71553500,195550,178523540,1192583,658219
7/19/2016,38440283,71603116,197142,178617178,1194208,659805
7/20/2016,38475647,71661335,198230,178713806,1195788,661348
7/21/2016,38508857,71711583,206246,178798122,1197234,662755
7/22/2016,38534508,71744272,216836,178862784,1198181,663679
7/23/2016,38559847,71781299,0,178921936,1198326,663818
7/24/2016,38595706,71844664,0,179015600,1198742,664216
7/25/2016,38631557,71901731,219010,179111944,1200445,665816
7/26/2016,38665086,71947577,219706,179199870,1202119,667445
7/27/2016,38698700,71996829,219738,179289778,1204246,669460
7/28/2016,38730372,72052607,223768,179371388,1206085,671175
7/29/2016,38752257,72105535,228690,179426114,1207505,672531
7/30/2016,38772277,72147702,228756,179473992,1207743,672754
7/31/2016,38797685,72208924,0,179537600,1208173,673164
8/1/2016,38821519,72256744,228834,179601358,1213754,675039
8/2/2016,38845221,72293604,228938,179661799,1216398,677320
8/3/2016,38867862,72324903,228962,179721131,1219280,679240
8/4/2016,38888657,72358388,229068,179777891,1221600,681443
8/5/2016,38903802,72395142,229094,179817679,1223548,683172
8/6/2016,38918244,72414078,0,179853385,1224646,683509
8/7/2016,38936379,72442492,0,179900905,1225092,683908
8/8/2016,38954720,72476406,229190,179955453,1229155,686501
8/9/2016,38972126,72510334,229284,180016709,1232324,689409
8/10/2016,38989213,72543506,229384,180078305,1237286,693171
8/11/2016,39004777,72550963,229402,180125670,1240332,695691
8/12/2016,39017028,72551081,229410,180163040,1242346,697114
8/13/2016,39027428,72551112,0,180201608,1242801,697519
8/14/2016,39040945,72551143,0,180260690,1243471,698125
8/15/2016,39057644,72717982,0,180310046,1251373,705295
8/16/2016,39076961,72745088,229414,180368372,1256475,709814
8/17/2016,39100699,72774275,229882,180439410,1261318,714332
8/18/2016,39123552,72806169,229950,180512808,1266054,718438
8/19/2016,39142338,72843882,229958,180571405,1270785,722447
8/20/2016,39160917,72872686,0,180627266,1272008,723581
8/21/2016,39186236,72922974,0,180713680,1274133,725487
8/22/2016,39227594,72975630,230344,180836026,1279376,730079
8/23/2016,39280958,73043827,230400,181003322,1285723,734179
8/24/2016,39344684,73133136,230404,181193702,1290782,738129
8/25/2016,39408715,73222800,0,181386254,1295131,741901
8/26/2016,39455499,73294482,230696,181533489,1299826,744820
8/27/2016,39499147,73348218,230988,181662689,1301046,745797
8/28/2016,39571153,73487164,0,181905457,1302731,747148
8/29/2016,39655318,73619135,230994,182167443,1307317,751077
8/30/2016,39746791,73758818,231004,182455298,1310869,754195
8/31/2016,39845512,73935917,231040,182757007,1314062,756877
9/1/2016,39938149,74085512,231238,183032607,1317149,759593
9/2/2016,40008613,74213110,231242,183239734,1319416,761498
9/3/2016,40067788,74293299,0,183400952,1319759,761790
9/4/2016,40147673,74444668,0,183647278,1320344,762252
9/5/2016,40237001,74581960,0,183914668,1321428,763152
9/6/2016,40350743,74769799,231308,184273942,1324577,765652
9/7/2016,40465438,74949290,231338,184639504,1327771,768006
9/8/2016,40578635,75121979,231404,184977610,1330509,770284
9/9/2016,40664755,75271459,231418,185240215,1332449,771832
9/10/2016,40741924,75380205,0,185456583,1333305,772168
9/11/2016,40869330,75607491,0,185857708,1333892,772588
9/12/2016,40986823,75816421,231426,186217250,1336078,774209
9/13/2016,41109088,76014285,231454,186589740,1338498,776252
9/14/2016,41225368,76200414,231868,186944176,1340682,777860
9/15/2016,41333608,76364374,231936,187260664,1342914,779624
9/16/2016,41416209,76548902,0,187513970,1345071,781217
9/17/2016,41491286,76663614,0,187727533,1345364,781471
9/18/2016,41619408,76920506,0,188130649,1345880,781890
9/19/2016,41751882,77172869,0,188529734,1348045,783535
9/20/2016,41872467,77377427,0,188897284,1350382,785217
9/21/2016,41989515,77572097,0,189250936,1352510,786838
9/22/2016,42095538,77760293,231944,189568117,1354674,788480
9/23/2016,42174127,77927255,0,189812594,1356083,789540
9/24/2016,42243126,78030246,0,190014389,1356407,789709
9/25/2016,42296455,78185018,0,190191945,1356749,789912
9/26/2016,42393402,78422304,0,190483780,1357788,790554
9/27/2016,42535940,78637483,0,190928724,1360186,792484
9/28/2016,42664878,78842765,0,191319355,1362462,794313
9/29/2016,42776094,79032259,0,191660574,1364121,795638
9/30/2016,42858464,79231943,231950,191920504,1365722,796892
10/1/2016,42924010,79327802,231954,192115563,1365893,797026
10/2/2016,43046362,79551540,0,192503375,1366199,797231
10/3/2016,43170391,79806698,231956,192888810,1367740,798509
10/4/2016,43286565,80009169,0,193242421,1369468,799957
10/5/2016,43392726,80194813,231978,193568490,1371191,801432
10/6/2016,43487514,80359960,0,193864585,1372852,802812
10/7/2016,43558015,80503128,0,194085396,1374051,803832
10/8/2016,43616803,80598942,0,194260826,1374185,803952
10/9/2016,43718816,80812178,0,194595101,1374599,804220
10/10/2016,43830067,81025799,234464,194936997,1376311,805492
10/11/2016,43936579,81213242,234544,195267821,1377870,806741
10/12/2016,44042348,81396927,234778,195589995,1379590,808243
10/13/2016,44137922,81564282,235000,195879236,1381339,809808
10/14/2016,44209378,81781985,235432,196100258,1382969,810898
10/15/2016,44270267,81907559,0,196273973,1383137,811043
10/16/2016,44384387,82192168,0,196632285,1383579,811408
10/17/2016,44498554,82514109,235964,196999720,1385185,812792
10/18/2016,44610282,82762778,236000,197356874,1386875,814213
10/19/2016,44713633,82982647,236128,197693171,1388521,815437
10/20/2016,44807458,83192689,236340,197999534,1390338,817041
10/21/2016,44880685,83360120,236576,198225339,1391576,818087
10/22/2016,44939205,83466322,236578,198396067,1391761,818253
10/23/2016,45050054,83690997,0,198748689,1392099,818556
10/24/2016,45169777,83975023,236702,199120878,1393721,819926
10/25/2016,45280806,84179744,236774,199465115,1395109,821109
10/26/2016,45390618,84375751,236962,199794072,1396473,822234
10/27/2016,45477157,84546466,237440,200059579,1398800,824385
10/28/2016,45549760,84703779,238618,200285266,1399958,825328
10/29/2016,45611239,84801470,238712,200457534,1400093,825445
10/30/2016,45716552,84994470,0,200798732,1400250,825574
10/31/2016,45833574,85298735,238716,201154016,1401340,826472
11/1/2016,45947502,85509065,238996,201508446,1402744,827670
11/2/2016,46054849,85716165,239126,201836274,1404905,829634
11/3/2016,46148876,85883072,239460,202129980,1407154,831631
11/4/2016,46220796,86036453,240822,202364037,1408476,832629
11/5/2016,46284001,86128304,0,202537119,1408634,832779
11/6/2016,46393248,86357543,0,202893112,1408905,832961
11/7/2016,46506800,86639301,240994,203241000,1410303,834104
11/8/2016,46605281,86811119,241584,203476967,1412522,835189
11/9/2016,46702716,86996739,244793,203629259,1416249,838617
11/10/2016,46787766,87155427,245081,203760312,1418411,840626
11/11/2016,46850753,87292190,245252,203857731,1419400,841534
11/12/2016,46908951,87381203,245253,203938806,1419540,841658
11/13/2016,47011376,87600469,0,204104148,1419795,841883
11/14/2016,47123704,87849754,245255,204278388,1421370,843170
11/15/2016,47227657,88047543,245767,204443733,1423961,844404
11/16/2016,47325321,88234935,245915,204594159,1425371,845582
11/17/2016,47413595,88396072,246073,204730735,1427067,847136
11/18/2016,47478965,88536960,246138,204834608,1428155,848102
11/19/2016,47530738,88617285,246141,204909031,1428268,848212
11/20/2016,47623077,88813200,0,205055821,1428473,848410
11/21/2016,47715822,89016129,246585,205197537,1429814,849661
11/22/2016,47784973,89151406,246806,205303270,1431028,850741
11/23/2016,47828324,89228148,247790,205365028,1431731,851404
11/24/2016,47850448,89261918,0,205395889,1431912,851582
11/25/2016,47888692,89321986,0,205447336,1432112,851781
11/26/2016,47937396,89388837,0,205514158,1432243,851903
11/27/2016,48025814,89565657,0,205649911,1432458,852098
11/28/2016,48135621,89784859,247822,205820071,1433905,853412
11/29/2016,48242484,89976054,249466,205989359,1435835,854856
11/30/2016,48345941,90180160,250724,206152780,1437972,856859
12/1/2016,48437490,90381427,250830,206296727,1440160,858886
12/2/2016,48506413,90546602,250864,206407474,1441795,860395
12/3/2016,48569069,90653942,0,206498060,1442068,860657
12/4/2016,48676751,90844073,0,206665716,1442599,861164
12/5/2016,48784748,91119452,0,206835256,1444214,862523
12/6/2016,48879201,91338429,250946,206984032,1445516,863612
12/7/2016,48966747,91559660,250978,207122993,1447995,865886
12/8/2016,49045076,91749154,251064,207241243,1450039,867782
12/9/2016,49104269,91957783,0,207335789,1450844,868523
12/10/2016,49149510,92254815,0,207399968,1450991,868667
12/11/2016,49228048,92415463,0,207512076,1451239,868893
12/12/2016,49298024,92592471,251223,207616890,1453003,870529
12/13/2016,49358332,92801388,251305,207706173,1454877,872279
12/14/2016,49413928,92963446,251413,207787853,1456613,873941
12/15/2016,49452314,93107135,251555,207849336,1458423,875580
12/16/2016,49474418,93244808,251649,207889376,1459680,876735
12/17/2016,49486640,93528058,251665,207908512,1459857,876912
12/18/2016,49501708,93671175,0,207931400,1460135,877179
12/19/2016,49518446,93780987,251815,207957008,1462356,879240
12/20/2016,49534814,93861981,252315,207981254,1464212,881025
12/21/2016,49548322,93923745,252359,208002316,1465609,882361
12/22/2016,49558068,93985801,252371,208019136,1466956,883619
12/23/2016,49563388,94042710,253889,208028735,1467583,884228
12/24/2016,49566450,94109781,0,208033178,1467693,884335
12/25/2016,49569566,94126193,0,208037788,1467856,884497
12/26/2016,49575546,94148383,0,208046252,1468275,884912
12/27/2016,49581915,94161297,253977,208056292,1469378,885884
12/28/2016,49588824,94174142,254014,208066390,1470614,887093
12/29/2016,49595360,94189466,254036,208075898,1471658,888103
12/30/2016,49602822,94261526,254074,208086386,1472484,888897
12/31/2016,49607144,94333253,0,208092791,1472787,889191
1/1/2017,49613034,94661126,0,208104078,1473192,889587
1/2/2017,49623748,94686968,0,208118102,1474322,890672
1/3/2017,49638928,94715786,254196,208142575,1477598,893842
1/4/2017,49657190,94759074,254476,208175438,1481284,897419
1/5/2017,49673491,94803525,254746,208209272,1485685,901624
1/6/2017,49689012,94851362,254756,208242603,1489431,905249
1/7/2017,49702762,94879730,0,208267381,1490761,906563
1/8/2017,49721196,94916427,0,208301939,1492485,908256
1/9/2017,49752653,94995658,254800,208365670,1496760,912397
1/10/2017,49793500,95078059,256804,208438825,1500993,916451
1/11/2017,49841613,95174041,256842,208524134,1505223,920513
1/12/2017,49888443,95273713,258882,208606856,1508919,924019
1/13/2017,49925646,95360632,258964,208673347,1511879,926848
1/14/2017,49959219,95419355,0,208726050,1512597,927562
1/15/2017,50006404,95527528,0,208805755,1513534,928494
1/16/2017,50059687,95630387,0,208894557,1515488,930415
1/17/2017,50131946,95821064,258966,209016744,1519342,934177
1/18/2017,50215204,95999468,259334,209153415,1522404,937098
1/19/2017,50295852,96173137,259394,209289239,1525645,940179
1/20/2017,50361244,96320245,260384,209397420,1527425,941877
1/21/2017,50426095,96433579,0,209496250,1527763,942207
1/22/2017,50528579,96648349,0,209661316,1528480,942903
1/23/2017,50633923,96857275,260643,209837630,1530910,945174
1/24/2017,50740782,97045819,260747,210002489,1533078,947189
1/25/2017,50849125,97226158,260827,210169028,1535196,949069
1/26/2017,50949432,97403141,261725,210330227,1537168,950930
1/27/2017,51030117,97565986,261771,210455006,1539192,952376
1/28/2017,51104916,97677086,0,210562470,1539501,952675
1/29/2017,51227321,97915611,0,210754843,1540045,953193
1/30/2017,51346780,98141860,261785,210938998,1542016,954971
1/31/2017,51458564,98348063,261901,211108611,1543870,956668
2/1/2017,51562631,98533089,261971,211271942,1545924,958452
2/2/2017,51668040,98713865,262275,211432171,1547675,960028
2/3/2017,51749729,98920004,263783,211559626,1549056,961271
2/4/2017,51826520,99036803,263811,211673074,1549316,961523
2/5/2017,51941531,99276968,0,211856412,1549612,961813
2/6/2017,52064037,99503704,263969,212050518,1551403,963438
2/7/2017,52178365,99699657,264235,212225878,1553147,965057
2/8/2017,52287874,99889593,264355,212393874,1555083,966841
2/9/2017,52386740,100069762,264379,212548202,1557047,968645
2/10/2017,52461162,100226369,264489,212665296,1558327,969844
2/11/2017,52528151,100338975,0,212765258,1558500,970011
2/12/2017,52641448,100571991,0,212951742,1558800,970294
2/13/2017,52754912,100794683,265017,213130667,1560235,971658
2/14/2017,52852050,100959077,265469,213274267,1561955,973276
2/15/2017,52959893,101136530,265779,213435781,1563466,974578
2/16/2017,53055874,101296175,265853,213582814,1565123,976079
2/17/2017,53128903,101443093,265983,213697343,1566359,977194
2/18/2017,53191142,101542403,0,213788802,1566532,977366
2/19/2017,53299025,101769219,0,213962889,1566788,977608
2/20/2017,53404157,101965283,0,214130150,1567506,978292
2/21/2017,53509684,102146921,267027,214293937,1569616,980253
2/22/2017,53612609,102322515,267119,214452192,1571284,981738
2/23/2017,53703695,102479270,267173,214593818,1572860,983147
2/24/2017,53774167,102618983,267287,214703185,1574226,984412
2/25/2017,53838456,102720386,267349,214798754,1574399,984571
2/26/2017,53952726,102947355,267351,214982776,1574760,984900
2/27/2017,54061909,103179461,267543,215160977,1576407,986451
2/28/2017,54159219,103372598,267837,215314461,1577939,987914
3/1/2017,54256042,103533903,268023,215461939,1579641,989477
3/2/2017,54347121,103697907,268259,215598991,1581795,991557
3/3/2017,54414190,103839350,268471,215699704,1582914,992601
3/4/2017,54475108,103932392,268475,215784872,1583083,992765
3/5/2017,54573891,104133319,0,215936737,1583403,993061
3/6/2017,54672358,104316308,269745,216084584,1585209,994749
3/7/2017,54748225,104455198,269759,216210952,1586659,996216
3/8/2017,54833770,104594302,269973,216341133,1588361,997825
3/9/2017,54906961,104720331,269997,216454847,1589672,999055
3/10/2017,54964102,104844861,269999,216542920,1591189,1000512
3/11/2017,55014552,104921792,270739,216609170,1591368,1000701
3/12/2017,55091925,105089677,0,216728071,1591614,1000939
3/13/2017,55166356,105237196,0,216843888,1593026,1002306
3/14/2017,55237358,105364201,271515,216948328,1594536,1003747
3/15/2017,55305626,105485390,0,217047471,1596236,1005070
3/16/2017,55366536,105595468,271713,217137884,1597563,1006313
3/17/2017,55412338,105695281,0,217207592,1598593,1007308
3/18/2017,55455912,105783126,0,217271115,1598782,1007491
3/19/2017,55535136,105948643,0,217398685,1599065,1007765
3/20/2017,55605748,106117165,0,217549020,1600730,1009360
3/21/2017,55692898,106291282,0,217687507,1602377,1010874
3/22/2017,55779723,106439842,0,217821939,1603987,1012452
3/23/2017,55859231,106582636,271714,217947376,1605523,1013931
3/24/2017,55918089,106703827,271721,218040589,1606775,1015106
3/25/2017,55968622,106793304,0,218117152,1606952,1015280
3/26/2017,56060705,106997099,0,218269515,1607234,1015549
3/27/2017,56160273,107194023,0,218436628,1609062,1017301
3/28/2017,56251473,107383621,0,218584867,1610921,1019039
3/29/2017,56341247,107539691,0,218725732,1612615,1020697
3/30/2017,56421254,107693696,0,218849462,1614200,1022196
3/31/2017,56481474,107835005,0,218940958,1615348,1023262
4/1/2017,56534462,107927618,0,219018289,1615520,1023433
4/2/2017,56631764,108140653,0,219178681,1615817,1023707
4/3/2017,56734959,108341356,0,219347060,1617391,1025249
4/4/2017,56831757,108514247,0,219491672,1619202,1027001
4/5/2017,56922158,108672476,0,219628956,1620840,1028544
4/6/2017,57005465,108825039,271725,219755289,1622472,1030098
4/7/2017,57067760,108968122,271732,219848159,1623669,1031245
4/8/2017,57118311,109054263,0,219920832,1623897,1031472
4/9/2017,57208901,109249631,0,220067579,1624086,1031655
4/10/2017,57306806,109453213,0,220223073,1625411,1032902
4/11/2017,57394849,109614814,0,220361677,1627082,1034503
4/12/2017,57480207,109766352,0,220492419,1628590,1035984
4/13/2017,57553524,109904408,0,220605880,1629945,1037288
4/14/2017,57607179,110152953,0,220687577,1630765,1038096
4/15/2017,57657806,110235265,0,220760186,1630873,1038205
4/16/2017,57735457,110411486,0,220886665,1631163,1038493
4/17/2017,57834235,110786885,0,221045561,1632565,1039844
4/18/2017,57911457,111119856,0,221187199,1633991,1041295
4/19/2017,57993473,111350861,273382,221326236,1635426,1042733
4/20/2017,58077007,111580887,0,221452598,1637125,1044379
4/21/2017,58144840,111831118,273452,221551833,1638271,1045466
4/22/2017,58202254,111923634,0,221632330,1638392,1045581
4/23/2017,58300237,112131515,0,221784548,1638642,1045829
4/24/2017,58404206,112555934,273453,221944916,1640000,1047137
4/25/2017,58497517,112918284,0,222091496,1641615,1048688
4/26/2017,58586262,113204233,0,222224583,1643154,1050127
4/27/2017,58668708,113371640,273475,222351447,1644877,1051796
4/28/2017,58729932,113541188,273476,222445049,1645953,1052832
4/29/2017,58784004,113651338,0,222519914,1646183,1053054
4/30/2017,58869375,113825446,0,222649642,1646520,1053379
5/1/2017,58955437,114107125,273561,222784356,1648242,1055045
5/2/2017,59028469,114257934,273695,222897555,1649932,1056630
5/3/2017,59102486,114424317,273717,223007921,1651584,1058237
5/4/2017,59164504,114572971,273718,223102013,1653214,1059803
5/5/2017,59210599,114719079,273730,223170927,1654424,1060970
5/6/2017,59247301,114987176,273731,223222062,1654655,1061195
5/7/2017,59308645,115110800,0,223306814,1655019,1061537
5/8/2017,59370673,115295712,273754,223397850,1656980,1063454
5/9/2017,59424176,115420274,273838,223478517,1658796,1065136
5/10/2017,59473461,115545674,0,223551607,1660598,1066853
5/11/2017,59514031,115664817,0,223611043,1662685,1068798
5/12/2017,59544144,115797123,273839,223657019,1663995,1070014
5/13/2017,59570054,115937647,0,223689886,1664245,1070263
5/14/2017,59619325,116034074,0,223762260,1664877,1070890
5/15/2017,59702288,116145744,0,223888915,1669149,1074898
5/16/2017,59783633,116241319,273853,224016245,1672807,1078300
5/17/2017,59847500,116320011,0,224112249,1676394,1081770
5/18/2017,59883573,116389021,273854,224166473,1678442,1083600
5/19/2017,59912532,116479779,273869,224210803,1679663,1084783
5/20/2017,59936474,116586392,0,224243464,1679879,1084995
5/21/2017,59971121,116657313,0,224289170,1680234,1085348
5/22/2017,60011999,116750597,273903,224349623,1682011,1087078
5/23/2017,60051898,116827015,0,224409186,1683921,1088936
5/24/2017,60090109,116898331,273921,224467111,1685641,1090610
5/25/2017,60125064,116975183,273922,224517441,1687540,1092486
5/26/2017,60151881,117061316,274181,224555451,1688815,1093717
5/27/2017,60174250,117109241,0,224583974,1688999,1093899
5/28/2017,60204016,117171164,0,224622552,1689226,1094122
5/29/2017,60231893,117234757,0,224661695,1689869,1094750
5/30/2017,60273244,117335264,0,224722894,1691789,1096532
5/31/2017,60313222,117520354,274182,224785173,1693431,1098065
6/1/2017,60350963,117655994,274184,224841150,1695011,1099536
6/2/2017,60381828,117725984,0,224886463,1696292,1100743
6/3/2017,60410602,117779766,274187,224924080,1696590,1101024
6/4/2017,60453917,117864381,0,224983471,1697043,1101455
6/5/2017,60503968,117960208,274265,225057850,1699001,1103129
6/6/2017,60554623,118058311,274280,225132819,1701056,1105020
6/7/2017,60605659,118141844,274351,225207287,1702701,1106535
6/8/2017,60651304,118216422,274368,225273591,1703962,1107732
6/9/2017,60689493,118325207,274382,225328531,1704828,1108564
6/10/2017,60724452,118381014,0,225374425,1704960,1108688
6/11/2017,60777139,118491143,0,225447983,1705284,1108999
6/12/2017,60830842,118589684,274397,225526868,1706498,1110142
6/13/2017,60881254,118672728,274427,225602249,1707947,1111491
6/14/2017,60931221,118768908,0,225675658,1709368,1112812
6/15/2017,60977289,118848564,0,225741282,1710759,1114141
6/16/2017,61013839,118947734,0,225794140,1711935,1115298
6/17/2017,61046139,119010022,0,225837640,1712097,1115449
6/18/2017,61094978,119111221,0,225906459,1712306,1115657
6/19/2017,61145361,119205479,0,225982777,1713695,1117019
6/20/2017,61192117,119281697,274459,226052005,1715196,1118467
6/21/2017,61238804,119363009,0,226119143,1716403,1119615
6/22/2017,61280633,119436418,275298,226180500,1717919,1121055
6/23/2017,61314870,119510901,275617,226230712,1718845,1121964
6/24/2017,61346381,119563619,0,226273031,1719032,1122146
6/25/2017,61394029,119668529,0,226341481,1719309,1122419
6/26/2017,61442344,119767565,0,226414079,1720808,1123875
6/27/2017,61490288,119854350,275639,226486587,1722020,1125049
6/28/2017,61539150,119939974,275650,226558301,1723466,1126465
6/29/2017,61582140,120018416,275666,226619246,1724813,1127758
6/30/2017,61615687,120177397,275668,226666124,1725737,1128643
7/1/2017,61644921,120291723,0,226704617,1725892,1128799
7/2/2017,61685866,120380114,0,226762145,1726146,1129048
7/3/2017,61722088,120452510,0,226814328,1726561,1129456
7/4/2017,61747242,120493885,0,226848849,1726860,1129752
7/5/2017,61791378,120567578,275757,226913862,1728092,1130978
7/6/2017,61835831,120643768,275811,226976991,1729625,1132445
7/7/2017,61873439,120713686,275868,227030143,1730610,1133417
7/8/2017,61905579,120772096,275870,227073542,1730801,1133603
7/9/2017,61950038,120862491,0,227138357,1731179,1133979
7/10/2017,61997914,120952244,276044,227206447,1732790,1135545
7/11/2017,62043190,121026191,276062,227271212,1734043,1136762
7/12/2017,62087338,121104205,276099,227334759,1735487,1138186
7/13/2017,62130472,121181332,276118,227397067,1737104,1139779
7/14/2017,62163690,121247219,276181,227444218,1738032,1140690
7/15/2017,62195914,121301268,0,227486323,1738194,1140845
7/16/2017,62242117,121394959,0,227550986,1738438,1141084
7/17/2017,62288097,121487796,276274,227619024,1739906,1142506
7/18/2017,62331292,121558925,276329,227682254,1742489,1145036
7/19/2017,62376318,121629484,276330,227746248,1744133,1146634
7/20/2017,62416764,121696253,276334,227802161,1745999,1148444
7/21/2017,62449290,121755895,0,227848442,1747600,1149974
7/22/2017,62478975,121804471,0,227887444,1748488,1150830
7/23/2017,62521874,121905806,0,227948402,1748761,1151073
7/24/2017,62564221,121988930,0,228009640,1750789,1152692
7/25/2017,62589411,122025682,276335,228043156,1752883,1154465
1/17/2027,62589413,0,0,228043164,0,0
